name,kind,elev_m,lon,lat
Abongabong,mountain,2985,96.7998,4.25007
Adrar Bou Nasser,mountain,3340,-3.88,33.5901
Ak Tag,mountain,6748,84.60243,36.73358
Alto Coloane,mountain,176,113.56998,22.11999
Alto de Buey,mountain,1810,-77.24004,6.08009
Amba Farit,mountain,4270,39.09995,10.9501
Anai Mudi,mountain,2695,77.06657,10.1701
Anderson Summit,mountain,2810,-90.85002,-85.03984
Aniakchak Peak,mountain,1356,-158.12352,56.87282
Aoraki (Mount Cook),mountain,3754,170.14113,-43.59566
Aragats Lerr,mountain,4090,44.19995,40.52998
Argun,mountain,3418,36.7473,6.10982
Aripo Peak,mountain,940,-61.24998,10.71999
Asahi-dake,mountain,2290,142.855,43.65779
Aucanquilcha,mountain,6176,-68.47204,-21.22842
Ayrybaba,mountain,3137,66.56993,37.83009
Bairiga,mountain,6882,96.71998,29.16997
Bălănești,mountain,429,28.09001,47.21996
Baldy Mountain,mountain,831,-100.71186,51.4477
Balsam Beartown Mountain,mountain,1436,-81.41002,37.0801
Barbeau Peak,mountain,2616,-75.02581,81.91059
Barrington Tops,mountain,1555,151.47044,-32.00699
Batura Mustagh I,mountain,7795,74.56044,36.53828
Bazar Dyuzi,mountain,4466,47.85999,41.2101
Beerenberg,mountain,2277,-8.17003,71.08007
Bellevue de L'Inini,mountain,851,-53.52,3.58009
Belukha,mountain,4506,86.60634,49.80708
Ben Nevis,mountain,1343,-5.00499,56.797
Benara,mountain,660,45.14002,-12.96002
Big Ben,mountain,2745,73.52003,-53.10004
Black Elk Peak,mountain,2207,-103.53976,43.88628
Black Mountain,mountain,1530,-160.33969,68.56263
Black Mountain,mountain,568,139.7438,-21.48434
Blue Hills,mountain,49,-72.30003,21.8
Blue Mountain Peak,mountain,2256,-76.593,18.06273
Bluff Knoll,mountain,1096,118.24991,-34.36667
Bogda Feng,mountain,5445,88.31741,43.79512
Bokkeveldberg,mountain,843,18.98058,-31.1254
Borah Peak,mountain,3859,-113.78222,44.1401
Botev,mountain,2376,24.91992,42.71997
Brandberg,mountain,2579,14.57523,-21.16024
Brocken,mountain,1141,10.61855,51.82448
Bukit Pagon,mountain,1850,115.33,4.29999
Bukit Raya,mountain,2278,112.68322,-0.66684
Bukit Timah,mountain,176,103.78996,1.34999
Buku Sulat,mountain,1508,127.9724,0.75284
Bulu Rantekombola,mountain,3455,120.02496,-3.3406
Buurgplaatz,mountain,559,6.02005,50.15998
Canlaon Peak,mountain,2430,123.14173,10.45647
Cape Colbeck,cape,4069,-158.25766,-77.11113
Carrauntoohil,mountain,1038,-9.74272,51.99897
Cero Raya,mountain,2070,-66.37559,5.45167
Cerro Aconcagua,mountain,6959,-70.0158,-32.65568
Cerro Cantillana,mountain,2281,-70.97001,-33.97002
Cerro Catedral,mountain,514,-54.66001,-34.34001
Cerro Champaquí,mountain,2770,-64.916,-31.99164
Cerro Chirripó,mountain,3820,-83.48865,9.4836
Cerro Darwin,mountain,2580,-69.60001,-54.65988
Cerro de Los Inocentes,mountain,1650,-80.74457,-33.74262
Cerro de Punta,mountain,1338,-66.59003,18.16997
Cerro El Copey,mountain,957,-63.91005,11.01008
Cerro El Jabaln,mountain,3440,-101.37998,25.18001
Cerro El Pital,mountain,2730,-89.11997,14.38007
Cerro Gordo,mountain,3340,-104.94999,23.24
Cerro Grande,mountain,2780,-107.54402,28.78872
Cerro Las Minas,mountain,2849,-88.69,14.53998
Cerro Maine Hanari,mountain,860,-73.09,-0.73001
Cerro Marahuaca,mountain,2832,-65.41003,3.65999
Cerro Mohinora,mountain,3348,-107.00528,26.03429
Cerro Nube Flan,mountain,3750,-96.187,16.21381
Cerro Picacho la Laguna,mountain,1980,-109.94651,23.55781
Cerro San Miguel,mountain,830,-60.64003,-19.29988
Cerro San Rafael,mountain,3710,-100.55999,25.36
Cerro San Valentín,mountain,4058,-73.34601,-46.59489
Cerro Tres Kandú,mountain,842,-56.16004,-25.88007
Cerro Tres Picos,mountain,1243,-61.9677,-38.13326
Cerro Tupungato,mountain,6550,-69.76873,-33.35453
Cerro Viejo,mountain,2960,-103.43006,20.36998
Chapada dos Veadeiros,mountain,1691,-47.49006,-13.99008
Chappal Wadi,mountain,2419,11.71995,7.05999
Cheekha Dar,mountain,3611,44.91989,36.77999
Chilkoot Pass,pass,1067,-135.29505,59.7037
Chimborazo,mountain,6267,-78.81749,-1.46926
Chiri-san,mountain,1915,127.73046,35.3368
Chuo Yang Sin,mountain,2420,108.43015,12.40432
Clingmans Dome,mountain,2025,-83.49742,35.58694
Cold Mountain,mountain,739,173.13342,52.88532
Concordia Station (Fr. and It.),plateau,3233,123.35985,-75.09236
Cone Peak,mountain,506,143.49682,-13.37904
Consuelo Peak,mountain,1174,148.11988,-24.95317
Corno Grande,mountain,2912,13.56116,42.48732
Crazy Peak,mountain,3417,-110.28002,46.01997
Crêt de la Neige,mountain,1718,5.93983,46.26995
Crocus Hill,mountain,65,-63.05997,18.22341
Crown Mountain,mountain,473,-64.97,18.35997
Daba Shan,mountain,2708,108.99999,32.24987
Daiyun Shan,mountain,1856,118.18399,25.68091
Daravica,mountain,2656,20.13998,42.52997
Daxue Shan,mountain,3500,99.64005,24.11
Death Valley,depression,-86,-116.82823,36.24226
Demirkazik,mountain,3756,35.15603,37.8357
Denali,mountain,6194,-151.0073,63.06941
Devils Paw,mountain,2593,-133.8624,58.74141
Dhaulagiri,mountain,8172,83.49514,28.69646
Die Berg,mountain,2331,30.15701,-25.22225
Dinara,mountain,1831,16.38001,44.06
Dingli Cliffs,mountain,253,14.40001,35.85999
Djebel Chelia,mountain,2326,6.66648,35.33336
Doda Betta,mountain,2636,76.73003,11.39998
Doi Inthanon,mountain,2580,98.49124,18.59829
Dombai-Ulgen,mountain,4038,41.74002,43.23
Dome A (Argus),plateau,4093,77.3477,-80.35603
Doyle's Delight,mountain,1174,-89.04003,16.50002
Dund Sayhni Nuru,mountain,2825,103.77526,43.6468
Durham Heights,mountain,724,-122.95001,71.14009
Durmitor,mountain,2522,19.03002,43.13007
Dzyarzhynskaya,mountain,346,27.07998,53.86001
Eagle Mountain,mountain,701,-90.5596,47.9046
El Teleno,mountain,2183,-6.39002,42.34999
Emi Koussi,mountain,3415,18.55178,19.79339
Emlembe,mountain,1862,31.13004,-25.91982
England Peak,mountain,2150,-52.80947,-82.61812
Er Richat Depression,depression,485,-11.37305,21.20552
Erciyes Dagi,mountain,3917,35.45,38.52995
Fan Si Pan,mountain,3142,103.77211,22.3133
Faure Peak,mountain,3940,-128.63,-85.71002
Feldberg,mountain,1493,8.01281,47.87725
Fenghuang Shan,mountain,2570,108.67832,27.8955
Finsteraarhorn,mountain,4274,8.13003,46.54001
Fishers Peak,mountain,2934,-104.46,37.09997
Fox Mountain,mountain,2404,-133.36999,61.91999
Fuji,mountain,3776,138.73094,35.35792
Fuji Station (Japan),plateau,3810,39.69766,-77.32278
Fuyul Sojol,mountain,3030,120.20139,0.61519
Galdhpiggen,mountain,2469,8.31268,61.63648
Gangkar Punsum,mountain,7570,90.45994,28.04999
Gannett Peak,mountain,4207,-109.65004,43.17999
Garet el Djenoun,mountain,2327,5.40909,25.04579
Gebel Katherna,mountain,2629,33.94994,28.5101
Geladandong,mountain,6621,91.08342,33.41662
Gerlach,mountain,2655,20.13206,49.17095
Golden Hinde,mountain,2195,-125.7586,49.67653
Gongga Shan,mountain,7556,101.87912,29.59578
Gora Arlan,mountain,1880,54.53995,39.67001
Gora Burun-Shibertuy,mountain,2519,109.98312,49.70008
Gora Chen,mountain,2690,141.82461,65.3042
Gora Cherskoga,mountain,2588,108.69997,55.03997
Gora Elbrus,mountain,5642,42.4392,43.35517
Gora Golets-Oblachnyy,mountain,2482,134.01708,57.62099
Gora Goverla,mountain,2058,24.51002,48.15999
Gora Kamen,mountain,1701,94.93985,69.13009
Gora Khuvkhoitun,mountain,2616,160.70364,57.93286
Gora Konzhakovskiy Kamen,mountain,1569,59.13449,59.63278
Gora Korolenko,mountain,1647,115.00711,58.28826
Gora Ledyanaya,mountain,2453,171.19187,61.90181
Gora Lopatina,mountain,1609,143.1371,50.85589
Gora Manas,mountain,4482,71.05421,42.29001
Gora Munku-Sardyk,mountain,3491,100.61656,51.71639
Gora Mus-Khaya,mountain,2959,140.8801,62.5913
Gora Narodnaya,mountain,1895,60.12344,65.02711
Gora Pobeda,mountain,3003,146.03988,65.19001
Gora Sedova,mountain,1549,57.81999,75.17
Gora Shkhara,mountain,5200,43.1,43.00001
Gora Stokap,mountain,1634,147.36601,44.84364
Gora Tardoki-Yani,mountain,2090,138.04994,48.89997
Gora Tastau,mountain,2992,82.49294,47.19948
Gora Tebulosmta,mountain,4494,45.29989,42.59011
Gora Yamantau,mountain,1638,58.11719,54.24349
Grand Ross,mountain,1850,69.51238,-49.57854
Grand Teton,mountain,4199,-110.8018,43.76337
Grandiozny Peak,mountain,2891,96.03858,53.92569
Grauspitze,mountain,2599,9.58,47.04999
Gros Morne,mountain,806,-57.78051,49.59838
Grossglockner,mountain,3798,12.69533,47.07471
Guadalupe Peak,mountain,2667,-104.86804,31.90137
Gugu,mountain,3626,39.95996,8.2101
Gunnbjørn Fjeld,mountain,3694,-29.89844,68.91948
Gunung Binaiya,mountain,3027,129.46754,-3.15949
Gunung Ciremay,mountain,3077,108.40931,-6.88779
Gunung Kerinci,mountain,3805,101.2709,-1.69796
Gunung Kinabalu,mountain,4101,116.54999,6.0834
Gunung Merapi,mountain,2968,110.44488,-7.54092
Gunung Rinjani,mountain,3726,116.45999,-8.40999
Gunung Semeru,mountain,3676,112.91992,-8.10786
Gunung Tahan,mountain,2190,102.23344,4.6335
Gunung Tambora,mountain,2722,118.00013,-8.25004
Gunung Umsini,mountain,2970,133.98267,-1.14993
Guru Sikhar,mountain,1722,72.7782,24.6567
Gyala Peri,mountain,7294,94.96998,29.81002
Haleakalā,mountain,3055,-156.221,20.71969
Halla-san,mountain,1950,126.52,33.35999
Haltiatunturi,mountain,1328,21.26004,69.30001
Har Meron,mountain,1208,35.41009,33.00002
Helan Shan,mountain,3540,105.9451,38.83717
Hkakabo Razi,mountain,5881,97.53993,28.33007
Hohe Acht,mountain,747,7.017,50.39288
Hombori Tondo,mountain,1155,-1.68004,15.26008
Hongtu Zhang,mountain,1265,115.93725,23.76909
Howson Peak,mountain,2759,-127.75483,54.42178
Hua Shan,mountain,2130,110.12918,34.43598
Huanggang Shan,mountain,2170,117.78799,27.85329
Huanggangliang,mountain,2029,117.58143,43.54186
Humphreys Peak,mountain,3851,-111.67789,35.34633
Hunsberge,mountain,1655,17.16651,-27.83333
Hvannadalshnkur,mountain,2110,-16.65093,64.03889
Inyangani,mountain,2592,32.84741,-18.28129
Inyaptuk Golets,mountain,2641,111.6315,56.36409
Isachsen Mountain,mountain,3425,26.07996,-72.13004
Ishizuchi-san,mountain,1982,133.10997,33.77009
Ishpatina Ridge,mountain,693,-80.7577,47.33633
Iwate-san,mountain,2038,140.98948,39.85989
Jabal ad Dukhan,mountain,134,50.54999,26.03999
Jabal al Lawz,mountain,2580,35.28989,28.69
Jabal al Uwaynt,mountain,1934,24.98341,21.91649
Jabal an-Nabi Shu’aib,mountain,3666,43.97085,15.27511
Jabal ash Shaykh,mountain,2814,35.85998,33.41
Jabal Hamoyet,mountain,2726,37.99984,17.55012
Jabal Is,mountain,1851,35.46656,22.04987
Jabal Jihaf,mountain,3277,44.52138,13.74092
Jabal Marrah,mountain,3042,24.23795,12.94972
Jabal Oda,mountain,2260,36.66991,20.34009
Jabal Ramm,mountain,1754,35.40008,29.57009
Jabal Sawdā,mountain,3000,42.36391,18.2558
Jabal Shams,mountain,3035,57.26396,23.23689
Jabal Teljo,mountain,1954,25.9335,14.70022
Jabal Yibir,mountain,1527,56.13,25.65998
Jamanota,mountain,188,-69.93999,12.48999
Jebel Chambi,mountain,1544,8.67992,35.20007
Jebel Jar,mountain,2300,38.2081,24.56582
Jebel Lekst,mountain,2359,-9.08002,29.78998
Jebel Tidirhine,mountain,2456,-4.51181,34.83021
Jebel Toubkal,mountain,4165,-7.91613,31.06208
Jiuling Shan,mountain,1686,114.95,28.8838
Julianatop,mountain,1230,-56.5419,3.68301
Junipero Serra Peak,mountain,1787,-121.42208,36.15917
K2,mountain,8611,76.51321,35.88241
Kabbal Durga,mountain,921,77.29996,12.50001
Kabobo,mountain,2725,29.05068,-5.13997
Kackar Dagi,mountain,3931,41.12792,40.84148
Kailash,mountain,6638,81.31254,31.0666
Kanchenjunga,mountain,8586,88.15002,27.70008
Kangju Kangri,mountain,6725,78.48941,33.75143
Kangtö,mountain,7060,92.53202,27.8747
Kangze'gyai,mountain,5808,97.71588,38.51521
Kao,mountain,1109,-175.07579,-19.74556
Kartala,mountain,2361,43.36998,-11.75005
Kdeyyat ej Joul,mountain,915,-14.32999,19.72
Kebnekaise,mountain,2111,18.50452,67.90602
Keele Peak,mountain,2952,-130.32002,63.42999
Kegueur Terbi,mountain,3376,18.69994,21.41669
Kékes,mountain,1015,20.01,47.88008
Kennedy Peak,mountain,2703,93.77261,23.33165
Khao Luang,mountain,1780,99.734,8.49817
Khyber Pass,pass,1070,71.09783,34.09839
Kimhandu,mountain,2653,37.61822,-7.10049
King's Peak,mountain,4123,-110.37256,40.78211
Kinyeti,mountain,3187,32.90129,3.95509
Kiska Volcano,mountain,1220,177.6067,52.09211
Kizilkaya,mountain,3767,32.06995,37.96996
Kizlar Sivrisi,mountain,3070,30.15014,36.61487
Klyuchevskaya Sopka,mountain,4750,160.64394,56.05598
Kodachadri,mountain,1343,74.86168,13.87954
Köketau,mountain,4622,80.9398,45.17001
Kompasberg,mountain,2504,24.53078,-31.76949
Kongkoerh,mountain,7649,75.30986,38.5901
Korab,mountain,2764,20.54099,41.78701
Koryakskaya Sopka,mountain,3456,158.71952,53.33492
Krakatau,mountain,813,105.42275,-6.10209
Kuh-e Dinar,mountain,4409,51.43981,30.95007
Kuh-e Fareghan,mountain,3240,56.34998,27.89008
Kuh-e Garin,mountain,3630,48.48,33.96009
Kuh-e Haji Ebrahim,mountain,3587,45.00624,36.54527
Kuh-e Hezar,mountain,4465,57.27228,29.5116
Kuh-e Jang Qal'eh,mountain,4171,64.18837,33.117
Kuh-e Nay Band,mountain,2960,57.37479,32.45009
Kuh-e Ruzeh,mountain,2941,58.10071,37.80408
Kuh-e Siah Khvani,mountain,3314,59.04991,36.27998
Kuh-e Taftan,mountain,3941,61.13177,28.62969
Kuju-san,mountain,1788,131.25002,33.08008
Kyrkjeskipet Peak,mountain,3085,6.81835,-71.8696
La Soufrière,mountain,1467,-61.66004,16.04
La Soufrière,mountain,1234,-61.18006,13.34997
Lalla Khedidja,mountain,2308,4.22909,36.4571
Laotzyunshan,mountain,4500,99.61719,26.87331
Lata Mountain,mountain,966,-169.48571,-14.24455
Lenina,mountain,150,37.50997,55.68999
Lesatima,mountain,4001,36.62362,-0.32481
Liushi Shan,mountain,7167,80.92623,35.32254
Loi Leng,mountain,2673,98.09071,22.65994
Loma Mansa,mountain,1945,-11.08853,9.24267
Longnawan,mountain,2988,115.14662,1.81425
Longs Peak,mountain,4346,-105.62001,40.25508
Loolmalasin,mountain,3682,35.83954,-3.04267
Lunpo Gangri,mountain,7095,84.61002,29.83009
Mafadi,mountain,3451,29.36,-29.20002
Magazine Mountain,mountain,839,-93.64358,35.18832
Magen Gangri,mountain,6282,99.46661,34.80011
Maglic,mountain,2387,18.74001,43.27996
Mahendra Giri,mountain,1501,84.35685,18.97429
Maja e Jezercë,mountain,2694,19.80982,42.44002
Maotou Shan,mountain,3306,100.63005,24.52009
Maromokotro,mountain,2876,48.97003,-14.01997
Masif des Bongos,mountain,1400,22.35998,8.6
Matterhorn,mountain,4478,7.72958,45.93817
Mauga Silisili,mountain,1858,-172.49004,-13.61008
Mauna Kea,mountain,4205,-155.46814,19.82049
Mazong Shan,mountain,2584,97.11938,41.52382
Midzor,mountain,2168,22.67996,43.39007
Moldoveanu,mountain,2543,24.74769,45.60846
Møllehøj,mountain,171,9.82995,55.98
Monalanong Hill,mountain,1494,25.66991,-24.83999
Moncayo,mountain,2313,-1.83999,41.77998
Mont Agel,mountain,140,7.40419,43.74592
Mont Agou,mountain,968,0.75735,6.87831
Mont Bagzane,mountain,2022,8.66667,18.66663
Mont Bengoué,mountain,1070,13.68985,0.96013
Mont Blanc,mountain,4807,6.86504,45.83368
Mont Cameroun,mountain,4040,9.16995,4.21997
Mont Forel,mountain,3360,-36.81481,66.93501
Mont Heha,mountain,2670,29.5,-3.6
Mont Humboldt,mountain,1618,166.43682,-21.88777
Mont Jacques-Cartier,mountain,1268,-65.9562,48.9967
Mont Mohi,mountain,3480,28.78006,-2.95002
Mont Nabeba,mountain,1020,13.98996,1.8401
Mont Ngaoui,mountain,1410,14.90006,6.59007
Mont Ooumu,mountain,1185,-140.11999,-8.85001
Mont Orohena,mountain,2241,-149.48352,-17.61709
Mont Panié,mountain,1628,164.77002,-20.58999
Mont Singave,mountain,762,-178.1552,-14.26943
Mont Tremblant,mountain,968,-74.57322,46.25868
Mont Yapeitso,mountain,1128,-70.45655,52.31487
Montagne Pelée,mountain,1397,-61.1734,14.8201
Monte Binga,mountain,2436,33.05228,-19.78716
Monte Cinto,mountain,2706,8.95143,42.38598
Monte Etna,mountain,3322,14.99514,37.75512
Monte Fitz Roy,mountain,3375,-73.04319,-49.27132
Monte Mitra,mountain,1200,9.97002,1.39006
Monte Rosa,mountain,4634,7.86999,45.94003
Monte Titano,mountain,739,12.44999,43.90999
Monte Tronador,mountain,3554,-71.88464,-41.15705
Monte Viglio,mountain,2156,13.37003,41.88007
Monts de la Lékéti,mountain,1000,14.17899,-2.51815
Morne de la Grande Montagne,mountain,240,-56.30997,47.03997
Morne Diablotins,mountain,1447,-61.40003,15.50001
Morne du Vilet,mountain,281,-62.83002,17.9067
Morne Seychellois,mountain,905,55.43971,-4.63224
Moro de Môco,mountain,2620,15.16697,-12.46522
Morro da Boa Vista,mountain,1827,-49.47301,-28.1155
Mount Afadjoto,mountain,885,0.53003,7.14998
Mount Alvernia,mountain,63,-75.41001,24.28998
Mount Andrew Jackson,mountain,3184,-63.38322,-71.36713
Mount Anglem,mountain,980,167.91991,-46.74006
Mount Apo,mountain,2954,125.26988,6.99706
Mount Ararat,mountain,5137,44.29996,39.7001
Mount Baker,mountain,3286,-121.82325,48.79592
Mount Balbi,mountain,2715,154.97999,-5.90999
Mount Baldy,mountain,3476,-109.57103,33.92047
Mount Bartle Frere,mountain,1622,145.81999,-17.39994
Mount Bates,mountain,319,167.95974,-29.0353
Mount Batu,mountain,4307,39.41678,6.66669
Mount Blackburn,mountain,4996,-143.4426,61.73669
Mount Bogong,mountain,1986,147.29993,-36.73006
Mount Buller,mountain,1805,146.43983,-37.15643
Mount Caubvick,mountain,1652,-63.72485,58.89692
Mount Chamberlin,mountain,2749,-144.91362,69.28107
Mount Cleveland,mountain,3190,-113.84801,48.92501
Mount Dalrymple,mountain,1259,148.63003,-21.02993
Mount Damavand,mountain,5610,52.10902,35.95519
Mount Dimlang,mountain,2042,11.78942,8.39776
Mount Eddy,mountain,2751,-122.48002,41.32008
Mount Elbert,mountain,4402,-106.44642,39.12508
Mount Elgon,mountain,4321,34.53416,1.12315
Mount Erebus,mountain,3795,167.18293,-77.51448
Mount Everest,mountain,8848,86.8806,27.98048
Mount Fairweather,mountain,4671,-137.52661,58.9071
Mount Frank Rae,mountain,2347,-138.53882,64.49507
Mount Fridtjof Nansen,mountain,4069,-167.55467,-85.34762
Mount Gimie,mountain,950,-61.01001,13.85999
Mount Halcon,mountain,2585,120.98999,13.26009
Mount Harper,mountain,1994,-143.84001,64.24
Mount Hillaby,mountain,340,-59.57999,13.21009
Mount Hood,mountain,3426,-121.69658,45.38448
Mount Igikpak,mountain,2523,-154.9672,67.44079
Mount Kaplan,mountain,4230,175.35996,-84.55999
Mount Katahdin,mountain,1606,-68.92361,45.9034
Mount Katmai,mountain,2047,-154.9569,58.27881
Mount Kenya,mountain,5199,37.29994,-0.15007
Mount Kilimanjaro,mountain,5895,37.35325,-3.07571
Mount Kirkpatrick,mountain,4528,166.45039,-84.33961
Mount Kosciuszko,mountain,2228,148.26319,-36.45588
Mount Lamlam,mountain,406,144.68337,13.35126
Mount Lister,mountain,4023,162.68977,-78.06001
Mount Logan,mountain,5959,-140.41202,60.5798
Mount Macdonald,mountain,2760,-132.8012,64.75079
Mount Mantalingajan,mountain,2085,117.67651,8.84578
Mount Marcy,mountain,1269,-73.9274,44.1338
Mount McMaster,mountain,2830,51.95214,-66.76346
Mount Meharry,mountain,1253,118.5833,-22.96671
Mount Minto,mountain,4166,168.75739,-71.76975
Mount Misery,mountain,1156,-62.80679,17.36671
Mount Mitchell,mountain,2037,-82.26806,35.76471
Mount Moresby,mountain,1164,-132.08279,53.02601
Mount Ngerchelchauus,mountain,242,134.59,7.59009
Mount Nirvana,mountain,2773,-127.6873,61.86889
Mount Obama,mountain,402,-61.83671,17.04341
Mount Odin,mountain,2143,-65.43806,66.5647
Mount Oku,mountain,3011,10.5166,6.18349
Mount Olympus,mountain,2917,22.35012,40.08325
Mount Olympus,mountain,2429,-123.71761,47.8117
Mount Ord,mountain,937,125.54996,-17.32998
Mount Osborn,mountain,1437,-165.34598,65.00239
Mount Ossa,mountain,1617,146.03333,-41.87102
Mount Paget,mountain,2915,-36.55081,-54.4223
Mount Peale,mountain,3877,-109.23004,38.44
Mount Pinatubo,mountain,1486,120.3497,15.14178
Mount Popomanaseu,mountain,2335,160.0648,-9.70211
Mount Rainier,mountain,4392,-121.76,46.84997
Mount Ramlo,mountain,2248,41.72782,13.39242
Mount Richard-Molard,mountain,1752,-8.4138,7.61969
Mount Robson,mountain,3954,-119.15502,53.11046
Mount Rogers,mountain,1746,-81.56202,36.67703
Mount Roosevelt,mountain,2972,-125.33441,58.44264
Mount Roraima,mountain,2772,-60.76262,5.14333
Mount Ruapehu,mountain,2797,175.56677,-39.28329
Mount Sage,mountain,521,-64.65341,18.41668
Mount Saint Catherine,mountain,840,-61.6768,12.16326
Mount San Lorenzo,mountain,2271,-2.93779,42.2463
Mount Scenery,mountain,870,-63.24003,17.63006
Mount Seelig,mountain,3022,-103.90001,-82.47005
Mount Shasta,mountain,4322,-122.19501,41.40931
Mount Sidley,mountain,4285,-126.06651,-77.03156
Mount Sir Sandford,mountain,3519,-117.88592,51.664
Mount Stanley,mountain,4979,29.87209,0.38011
Mount Tabwemasana,mountain,1877,166.75122,-15.35233
Mount Takahe,mountain,3460,-112.09987,-76.27285
Mount Tapuaenuku,mountain,2885,173.65996,-42.00003
Mount Taranaki,mountain,2518,174.06485,-39.2963
Mount Usborne,mountain,705,-58.84191,-51.70208
Mount Victoria,mountain,3053,93.91737,21.24317
Mount Victoria,mountain,4038,147.54277,-8.89606
Mount Vsevidof,mountain,2149,-168.70842,53.14819
Mount Waddington,mountain,4019,-125.26219,51.37237
Mount Warning,mountain,1156,153.27086,-28.39711
Mount Washington,mountain,1917,-71.30744,44.26729
Mount Whitney,mountain,4421,-118.29222,36.58272
Mount Wilhelm,mountain,4509,145.03324,-5.80013
Mount Wuteve,mountain,1380,-9.86006,8.14006
Mount Zeil,mountain,1531,132.40005,-23.39995
Moussa Ali,mountain,2021,42.40995,12.45008
Mowdok Mual,mountain,1052,92.62,21.88006
Mtorwi,mountain,2980,34.02006,-9.08
Muleta,mountain,3405,41.73356,9.26888
Mulhacén,mountain,3479,-3.31137,37.05138
Munkh Khairkhan,mountain,4231,91.4652,46.89008
Murray Hill,mountain,356,105.6168,-10.48563
Musala,mountain,2925,23.58683,42.17982
Muztag Feng,mountain,6973,87.4132,36.4165
Myinmoletkat Taung,mountain,2072,98.813,13.48059
Namcha Barwa,mountain,7782,95.06571,29.643
Nanda Devi,mountain,7817,79.97097,30.54248
Nanfengmian,mountain,2140,114.03989,26.31001
Nanga Parbat,mountain,8125,74.59001,35.23998
Nevado Auzangate,mountain,6372,-71.23332,-13.80008
Nevado Coropuna,mountain,6425,-72.65002,-15.51664
Nevado del Ruiz,mountain,5311,-75.32233,4.89997
Nevado Huascarán,mountain,6768,-77.60901,-9.12136
Nevado Illimani,mountain,6402,-67.78473,-16.65383
Nevado Ojos del Salado,mountain,6880,-68.54224,-27.10959
Nevado Sajama,mountain,6542,-68.89421,-18.10187
Newtontoppen,mountain,1713,16.81211,79.13868
Nganglong Kangri,mountain,6720,80.99991,32.8166
Ngihneni,mountain,791,158.23094,6.87471
Ngoc Linh,mountain,2598,108.015,15.16165
Nowshak,mountain,7492,71.78109,36.42212
Nun,mountain,7135,76.02447,33.98436
Nyainqentanglha Feng,mountain,7162,90.58854,30.3902
Obasta Tsukai,mountain,3452,69.9369,31.69441
Oksskolten,mountain,1916,14.3374,66.0245
Olavtoppen,mountain,780,3.40001,-54.41987
Olympus,mountain,1951,32.87463,34.96576
Otgon Tenger,mountain,4000,97.55019,47.59996
Outlook Peak,mountain,2210,-91.41897,79.7555
Paektu-san,mountain,2744,128.09002,41.99999
Paishidin,mountain,1895,113.01605,24.92983
Perserajoq,mountain,2259,-51.98742,71.37287
Petite Rivière Noire Peak,mountain,828,57.47601,-20.40386
Phnom Aural,mountain,1813,104.17562,12.05093
Phou Bia,mountain,2830,103.13998,18.97999
Phu Soai Dao,mountain,2120,101.01006,17.72999
Pic Bette,mountain,2266,19.21,22.02999
Pic Boby,mountain,2658,46.88332,-22.19991
Pic de Coma Pedrosa,mountain,2943,1.43981,42.59011
Pic du Paradis,mountain,420,-63.05003,18.0801
Pic la Selle,mountain,2680,-71.98004,18.35997
Picacho del Diablo,mountain,3069,-115.382,30.98792
Pico Alto,mountain,2351,-28.40004,38.46997
Pico Bolívar,mountain,4980,-71.05273,8.55286
Pico Cristóbal Colón,mountain,5775,-73.69244,10.8425
Pico da Bandeira,mountain,2890,-41.79643,-20.43537
Pico da Neblina,mountain,3014,-66.03331,0.80002
Pico da Pedra da Mina,mountain,2798,-44.84001,-22.42982
Pico de Almanzor,mountain,2592,-5.30001,40.26009
Pico de Aneto,mountain,3404,0.66308,42.6322
Pico de Cano,mountain,2829,-24.40252,14.94878
Pico de Orizaba,mountain,5636,-97.2783,19.03399
Pico de Santa Isabel,mountain,3008,8.76005,3.59011
Pico de São Tomé,mountain,2024,6.55435,0.28196
Pico del Teide,mountain,3718,-16.6391,28.27082
Pico do Jabre,mountain,1197,-37.38244,-7.2455
Pico Duarte,mountain,3098,-70.99808,19.02288
Pico El Yunque,mountain,1055,-65.80005,18.3105
Pico Mogotón,mountain,2106,-86.39139,13.76382
Pico Naiguatá,mountain,2765,-66.78003,10.53996
Pico Paraná,mountain,1877,-48.8261,-25.25578
Pico Serra Branca,mountain,1154,-40.1409,-4.79098
Pico Turquino,mountain,1974,-76.8358,19.98949
Pidurutalagala,mountain,2524,80.77396,7.00069
Pik Aborigen,mountain,2586,149.50838,61.97399
Pik BAM,mountain,3072,117.57997,56.85997
Pik Imeni Ismail Samani,mountain,7495,72.02175,38.93237
Pik Karakol,mountain,5216,78.45992,42.15998
Pik Pobeda,mountain,7439,80.13003,42.03998
Pik Talghar,mountain,4979,77.33122,43.10547
Pipa Dingzi,mountain,1397,128.16992,43.99001
Piton des Neiges,mountain,3069,55.48729,-21.10441
Psiloritis,mountain,2456,24.76998,35.23
Puig Mayor,mountain,1445,2.796,39.80847
Pulog,mountain,2934,120.90533,16.5964
Pummel Peak,mountain,2018,-103.24434,29.29163
Puncak Jaya,mountain,4884,137.16625,-4.07767
Punta la Marmora,mountain,1834,9.31738,40.03115
Purog Kangri,mountain,6929,89.20998,33.91998
Puy de Sancy,mountain,1885,2.81151,45.53042
Qattara Depression,depression,-133,27.49625,30.0436
Qiajivik Mountain,mountain,1963,-75.93668,72.19068
Qingliang Feng,mountain,1787,118.8578,30.12111
Queen Mary's Peak,mountain,2060,-12.26671,-37.09366
Qurnat as Sawdā,mountain,3088,36.10338,34.31453
Ras Dejen,mountain,4533,38.37233,13.23675
Ras Koh,mountain,3003,65.18248,28.834
Redoubt Volcano,mountain,3108,-152.74005,60.49001
Ritacuba Blanco,mountain,5410,-72.30003,6.48998
Rock of Gibraltar,mountain,426,-5.34,36.13009
Roman-Kosh,mountain,1545,34.24795,44.62868
Round Mountain,mountain,1608,152.23465,-30.44036
Sabalon Kuh,mountain,4814,47.82202,38.25509
Sacajawea Peak,mountain,2999,-117.29669,45.25366
Saint Mary Peak,mountain,1171,138.54999,-31.50008
Sakurajima,mountain,1117,130.6502,31.58333
Salher,mountain,1567,73.92993,20.71149
San Gorgonio Mountain,mountain,3505,-116.82641,34.10768
Sapitwa Peak,mountain,3003,35.59,-15.95004
Saramati,mountain,3826,95.03994,25.72998
Selvili Tepe,mountain,1023,33.16998,35.32007
Senlin Shan,mountain,1498,130.63001,43.17999
Seraya,mountain,1162,165.60685,63.6418
Serra do Barbado,mountain,2033,-41.9071,-13.30375
Serra dos Carajás-Pico,mountain,898,-50.34922,-6.37482
Serra Namúli,mountain,2419,37.07205,-15.33343
Serrania de Santiago,mountain,1555,-60.02567,-18.11592
Seweweekspoort Peak,mountain,2325,21.36578,-33.39581
Shah Fuladi,mountain,5048,67.62771,34.6421
Shahi Kangri,mountain,6934,77.82998,35.16998
Shengtang Shan,mountain,1935,110.09978,23.98979
Shimbiris,mountain,2414,47.24289,10.73877
Sierra Blanca Peak,mountain,3649,-105.81001,33.37001
Sierra El Viejo,mountain,3500,-99.73241,24.0007
Signal de Botrange,mountain,694,6.09001,50.5
Sikaram,mountain,4755,69.90006,34.03999
Skalistyy Golets,mountain,2467,119.09805,56.40149
Slaettaratindur,mountain,882,-6.99444,62.30032
Slide Mountain,mountain,1274,-74.37971,42.0088
Snaefell,mountain,621,-4.46003,54.26009
Sněžka,mountain,1603,15.70999,50.74
Snowdon,mountain,1085,-4.09481,53.07254
Soira,mountain,3018,39.53004,14.75002
Sorak-san,mountain,1708,128.47293,38.14191
Soufrière Hills Volcano,mountain,914,-62.19009,16.72339
Spruce Knob,mountain,1482,-79.53521,38.71499
Summit Station,plateau,3238,-38.4533,72.58211
Sunzu,mountain,2067,31.58,-9.17985
Suur Munamagi,mountain,318,27.04993,57.71999
Taal Volcano,mountain,400,120.99282,14.00189
Tahat,mountain,2908,5.5263,23.28827
Tai Mo Shan,mountain,957,114.12003,22.41
Taibai Shan,mountain,3767,107.75012,33.95007
Takuan,mountain,2243,155.60525,-6.47919
Talo,mountain,4413,37.88222,10.6567
Tanekas,mountain,641,1.53004,10.34996
Tata Mailau,mountain,2986,125.49002,-8.90995
Tate-yama,mountain,3015,137.6289,36.59499
Tavan Bogd Uul,mountain,4374,87.81994,49.14995
Te Manga,mountain,652,-159.78911,-21.21218
Téna Kourou,mountain,747,-5.41004,10.77007
Tergun Bogd,mountain,3957,100.23825,45.00513
Thabana Ntlenyana,mountain,3482,29.2667,-29.4666
The Bluff,mountain,43,-79.73002,19.75001
Thudaka Mountain,mountain,2748,-126.85002,57.92999
Tianzhu Shan,mountain,1760,116.18986,31.06002
Tirich Mir,mountain,7708,71.83998,36.25001
Tomanivi,mountain,1323,178.01676,-17.61418
Torre de Cerredo,mountain,2648,-4.84504,43.1947
Torres del Paine,mountain,2500,-72.995,-50.95904
Town Hill,mountain,79,-64.76001,32.31001
Trapper Peak,mountain,3096,-114.31381,45.90638
Triglav,mountain,2864,13.83001,46.38006
Troglav,mountain,1913,16.60757,43.96052
Truchas Peak,mountain,3993,-105.64529,35.96291
Turpan Depression,depression,-154,89.34012,42.76869
Ukko Koli,mountain,347,29.8098,63.09009
Ulawun,mountain,2334,151.33327,-5.05014
Uludağ Tepe,mountain,2543,29.21839,40.09246
Uluru (Ayers Rock),mountain,863,131.03602,-25.34504
Ulysses Mountain,mountain,3024,-124.09002,57.35
Uncompahgre Peak,mountain,4361,-107.47705,38.073
Unzen-dake,mountain,1500,130.29435,32.75658
Vaalserberg,mountain,321,6.02005,50.76008
Vesuvio,mountain,1281,14.43337,40.81672
Vinson Massif,mountain,4892,-85.63373,-78.52936
Volcaán Villarrica,mountain,2847,-71.9382,-39.42353
Volcán Barú,mountain,3475,-82.54656,8.80813
Volcán de Colima,mountain,4330,-103.63391,19.56679
Volcán Domuyo,mountain,4709,-70.42004,-36.57988
Volcán Galeras,mountain,4276,-77.36662,1.21678
Volcan Karisimbi,mountain,4519,29.44991,-1.50004
Volcán Llullaillaco,mountain,6739,-68.53678,-24.7197
Volcán Popocatépetl,mountain,5420,-98.62261,19.03419
Volcán Tacaná,mountain,4067,-92.11003,15.13006
Volcán Tajumulco,mountain,4220,-91.89551,15.04346
Volcán Wolf,mountain,1707,-91.34607,0.05811
Volna,mountain,1585,154.9568,63.53606
Vostok Station (Rus.),plateau,3488,106.84001,-78.42717
Vulkan Alaid,mountain,2339,155.56995,50.86001
Vulkan Milna,mountain,1539,151.78534,46.81814
Wheeler Peak,mountain,3982,-114.31341,38.98626
White Hill,mountain,535,-60.61082,46.6977
White Mountain Peak,mountain,4342,-118.25999,37.63007
Wutai Shan,mountain,3058,113.57022,39.0876
Wuzhi Shan,mountain,1840,109.7125,18.91326
Yonaha-dake,mountain,498,128.21685,26.71614
Yu Shan,mountain,3952,120.95744,23.46991
Yunwu Shan,mountain,1867,116.70121,41.09639
Zard Kuh,mountain,4548,50.09001,32.37
Zugspitze,mountain,2963,10.97998,47.41998
